<?xml version="1.0" encoding="UTF-8"?>
<project-private xmlns="http://www.netbeans.org/ns/project-private/1">
    <editor-bookmarks xmlns="http://www.netbeans.org/ns/editor-bookmarks/2" lastBookmarkId="0"/>
    <open-files xmlns="http://www.netbeans.org/ns/projectui-open-files/2">
        <group>
            <file>file:/C:/Users/Tanvin1/OneDrive/Documents/NetBeansProjects/Bank%20Management%20System/src/bank/management/system/BalanceEnquiry.java</file>
            <file>file:/C:/Users/Tanvin1/OneDrive/Documents/NetBeansProjects/Bank%20Management%20System/src/bank/management/system/Login.java</file>
            <file>file:/C:/Users/Tanvin1/OneDrive/Documents/NetBeansProjects/Bank%20Management%20System/src/bank/management/system/Withdraw.java</file>
            <file>file:/C:/Users/Tanvin1/OneDrive/Documents/NetBeansProjects/Bank%20Management%20System/src/bank/management/system/MiniStatement.java</file>
            <file>file:/C:/Users/Tanvin1/OneDrive/Documents/NetBeansProjects/Bank%20Management%20System/src/bank/management/system/PinChange.java</file>
            <file>file:/C:/Users/Tanvin1/OneDrive/Documents/NetBeansProjects/Bank%20Management%20System/src/bank/management/system/Transaction.java</file>
            <file>file:/C:/Users/Tanvin1/OneDrive/Documents/NetBeansProjects/Bank%20Management%20System/src/bank/management/system/SignTWO.java</file>
            <file>file:/C:/Users/Tanvin1/OneDrive/Documents/NetBeansProjects/Bank%20Management%20System/src/bank/management/system/SignupONE.java</file>
            <file>file:/C:/Users/Tanvin1/OneDrive/Documents/NetBeansProjects/Bank%20Management%20System/src/bank/management/system/Deposit.java</file>
            <file>file:/C:/Users/Tanvin1/OneDrive/Documents/NetBeansProjects/Bank%20Management%20System/src/bank/management/system/FastCash.java</file>
            <file>file:/C:/Users/Tanvin1/OneDrive/Documents/NetBeansProjects/Bank%20Management%20System/src/bank/management/system/SignThree.java</file>
        </group>
    </open-files>
</project-private>
